{"cameraMode":{"drawMode":0,"name":"Shaded","section":"Shading Mode"},"sceneLighting":true,"audioPlay":false,"sceneViewState":{"showFog":true,"showMaterialUpdate":false,"showSkybox":true,"showFlares":true,"showImageEffects":true,"showParticleSystems":true},"in2DMode":false,"pivot":{"x":-26.491819381713868,"y":16.77682113647461,"z":-23.480792999267579},"rotation":{"x":0.20247764885425569,"y":-0.032315708696842197,"z":0.006685410160571337,"w":0.9787302613258362},"size":19.983369827270509,"orthographic":false}