{"cameraMode":{"drawMode":0,"name":"Shaded","section":"Shading Mode"},"sceneLighting":true,"audioPlay":false,"sceneViewState":{"showFog":true,"showMaterialUpdate":false,"showSkybox":true,"showFlares":true,"showImageEffects":true,"showParticleSystems":true},"in2DMode":false,"pivot":{"x":22.248477935791017,"y":8.818649291992188,"z":19.358016967773439},"rotation":{"x":0.20247764885425569,"y":-0.032315708696842197,"z":0.006685410160571337,"w":0.9787302613258362},"size":133.48822021484376,"orthographic":false}